id,actorName
0,Isabella Castillo
1,Alan Estrada
2,Cecilia Toussaint
3,Susana Zabaleta
4,Jesús Ochoa
5,Shane West
6,James Levya
7,Alejandra Ley
8,Lorena Narcio
9,Leonardo DiCaprio
10,Jesse Plemons
11,Lily Gladstone
12,Robert De Niro
13,Tantoo Cardinal
14,Cara Jade Myers
15,JaNae Collins
16,Jillian Dion
17,William Belleau
18,Taraji P. Henson
19,Kristen Bell
20,Christian Convery
21,Mckenna Grace
22,Lil Rel Howery
23,James Marsden
24,Finn Lee-Epp
25,Serena Williams
26,Ricky Guillart
27,Jason Statham
28,Dolph Lundgren
29,50 Cent
30,Sylvester Stallone
31,Megan Fox
32,Randy Couture
33,Tony Jaa
34,Iko Uwais
35,Levy Tran
36,Taissa Farmiga
37,Bonnie Aarons
38,Storm Reid
39,Jonas Bloquet
40,Anna Popplewell
41,Katelyn Rose Downey
42,Denzel Washington
43,Dakota Fanning
44,Gaia Scodellaro
45,David Denman
46,Eugenio Mastrandrea
47,Remo Girone
48,Sonia Ammar
49,Daniele Perrone
50,Andrea Scarduzio
51,Xolo Mariduena
52,Susan Sarandon
53,Bruna Marquezine
54,Damián Alcázar
55,Belissa Escobedo
56,George Lopez
57,Harvey Guillén
58,Adriana Barraza
59,Elpidia Carrillo
60,Shuya Sophia Cai
61,Cliff Curtis
62,Page Kennedy
63,Sienna Guillory
64,Skyler Samuels
65,Wu Jing
66,Sergio Peris-Mencheta
67,Melissanthi Mahut
68,Nicolas Cantu
69,Shamon Brown Jr.
70,Micah Abbey
71,Brady Noon
72,Jackie Chan
73,Ayo Edebiri
74,Ice Cube
75,Seth Rogen
76,John Cena
77,Aida Roa
78,Antonia Olivares
79,Nailea Norvind
80,Francisco Berdiales
81,Reina Carmona
82,Yaretzi Cazares
83,Yadira Cleto
84,Montserrat Colsá
85,Juan Daniel Garcia Treviño
86,Margot Robbie
87,Ryan Gosling
88,America Ferrera
89,Will Ferrell
90,Ariana Greenblatt
91,Helen Mirren
92,Issa Rae
93,Alexandra Shipp
94,Emma Mackey
95,Cillian Murphy
96,Emily Blunt
97,Matt Damon
98,Robert Downey Jr.
99,Florence Pugh
100,Benny Safdie
101,Michael Angarano
102,Josh Hartnett
103,Rami Malek
104,Tom Cruise
105,Rebecca Ferguson
106,Simon Pegg
107,Ving Rhames
108,Hayley Atwell
109,Esai Morales
110,Vanessa Kirby
111,Pom Klementieff
112,Henry Czerny
113,Patrick Wilson
114,Ty Simpkins
115,Rose Byrne
116,Lin Shaye
117,Peter Dager
118,Hiam Abbass
119,Sinclair Daniel
120,Anouck Hautbois
121,Benjamin Bollen
122,Antoine Tomé
123,Fanny Bloc
124,Alexandre N'Guyen
125,Marie Chevalot
126,Marie Nonnenmacher
127,Martial Le Minoux
128,Harrison Ford
129,Phoebe Waller-Bridge
130,Mads Mikkelsen
131,Antonio Banderas
132,John Rhys-Davies
133,Toby Jones
134,Boyd Holbrook
135,Shaunette Renée Wilson
136,Thomas Kretschmann
137,Lana Condor
138,Toni Collette
139,Annie Murphy
140,Sam Richardson
141,Liza Koshy
142,Will Forte
143,Colman Domingo
144,Jaboukie Young-White
145,Blue Chapman
146,Jennifer Lawrence
147,Andrew Barth Feldman
148,Laura Benanti
149,Matthew Broderick
150,Ebon Moss-Bachrach
151,Hasan Minhaj
152,Kyle Mooney
153,Alysia Joy Powell
154,Natalie Morales
155,Clara Galle
156,Julio Peña
157,Natalia Azahara
158,Eric Masip
159,Guillermo Lasheras
160,Hugo Arbues
161,Pilar Castro
162,Rachel Lascar
163,Emilia Lazo
164,Chris Hemsworth
165,Rudhraksh Jaiswal
166,Golshifteh Farahani
167,Adam Bessa
168,Justin Howell
169,Olga Kurylenko
170,Tinatin Dalakishvili
171,Sinéad Phelps
172,Tornike Bziava
173,Ezra Miller
174,Sasha Calle
175,Michael Shannon
176,Ron Livingston
177,Maribel Verdú
178,Kiersey Clemons
179,Antje Traue
180,Michael Keaton
181,Ben Affleck
182,Gakuto Kajiwara
183,Nobunaga Shimazaki
184,Junichi Suwabe
185,Toshihiko Seki
186,Marie Iitoyo
187,Hochu Otsuka
188,Miyuki Sawashiro
189,Leah Lewis
190,Mamoudou Athie
191,Ronnie del Carmen
192,Shila Ommi
193,Wendi McLendon-Covey
194,Catherine O'Hara
195,Mason Wertheimer
196,Joe Pera
197,Jason Schwartzman
198,Scarlett Johansson
199,Tom Hanks
200,Jake Ryan
201,Jeffrey Wright
202,Tilda Swinton
203,Bryan Cranston
204,Edward Norton
205,Adrien Brody
206,Anthony Ramos
207,Dominique Fishback
208,Tobe Nwigwe
209,Peter Cullen
210,Ron Perlman
211,Michelle Yeoh
212,Pete Davidson
213,Peter Dinklage
214,Jamie Foxx
215,Isla Fisher
216,Randall Park
217,Josh Gad
218,Brett Gelman
219,Rob Riggle
220,Danielle Scott
221,May Kelly
222,Chrissie Wunna
223,Stephen Staley
224,Jack Ilco
225,Kelly Rian Sanson
226,Abbie Knight
227,Daniel Godfrey
228,Lucas Paternott
229,Shameik Moore
230,Hailee Steinfeld
231,Jake Johnson
232,Oscar Isaac
233,Daniel Kaluuya
234,Brian Tyree Henry
235,Luna Lauren Velez
236,Robbie Amell
237,Jordana Brewster
238,Simu Liu
239,Sam Worthington
240,Alicia Sanz
241,Mayko Nguyen
242,Masa Lizdek
243,Christine L. Nguyen
244,Emmanuel Kabongo
245,Halle Bailey
246,Jonah Hauer-King
247,Daveed Diggs
248,Awkwafina
249,Jacob Tremblay
250,Noma Dumezweni
251,Javier Bardem
252,Melissa McCarthy
253,Art Malik
254,Rui Constantino
255,Miguel D. Dias
256,Alexander Sunflower
257,Yoshida Imatae
258,Nicholas Hoult
259,Nicolas Cage
260,Ben Schwartz
261,Adrian Martinez
262,Jenna Kanell
263,Shohreh Aghdashloo
264,Bess Rous
265,James Moses Black
266,Gerard Butler
267,Ali Fazal
268,Navid Negahban
269,Nina Toussaint-White
270,Tom Rhys Harries
271,Olivia-Mai Barrett
272,Bahador Foladi
273,Vassilis Koukalani
274,Hakeem Jomah
275,Vin Diesel
276,Michelle Rodriguez
277,Tyrese Gibson
278,Ludacris
279,Jason Momoa
280,Nathalie Emmanuel
281,Christopher Abbott
282,Margaret Qualley
283,Francisco Castaneda
284,Katie Young
285,Dominick Defilips
286,Rene Calvo
287,Danita Battle
288,Christian Casatelli
289,Alice Braga
290,William Fichtner
291,J. D. Pardo
292,Jeff Fahey
293,Hala Finley
294,Dayo Okeniyi
295,Jackie Earle Haley
296,Jean Dujardin
297,Anaïs Demoustier
298,Sandrine Kiberlain
299,Jérémie Renier
300,Lyna Khoudri
301,Cédric Kahn
302,Sofian Khammes
303,Sami Outalbali
304,Stéphane Bak
305,Alexander Skarsgård
306,Mia Goth
307,Cleopatra Coleman
308,Jalil Lespert
309,Amanda Brugel
310,John Ralston
311,Jeff Ricketts
312,Caroline Boulton
313,Valentina Di Pace
314,Dominik Fellmann
315,Danny Exnar
316,Gregory Hari
317,Ale Lindman
318,Jessica Huber
319,Kathrin Schweizer
320,Katerina Stoykova-Klemer
321,Lia von Blarer
322,Urvashi
323,Balu Varghese
324,Guru Somasundaram
325,Kalaiyarasan
326,Sujith Sankar
327,Manikanda Rajan
328,Bhanupriya
329,Abhija Sivakala
330,Mridula Madhav
331,Chris Pratt
332,Zoe Saldaña
333,Dave Bautista
334,Karen Gillan
335,Bradley Cooper
336,Sean Gunn
337,Chukwudi Iwuji
338,Mackenyu
339,Famke Janssen
340,Madison Iseman
341,Diego Tinoco
342,Mark Dacascos
343,Nick Stahl
344,Sean Bean
345,Godfrey Gao
346,Caitlin M Hutson
347,Alexander Molony
348,Ever Anderson
349,Jude Law
350,Yara Shahidi
351,Alyssa Wapanatâhk
352,Jim Gaffigan
353,Molly Parker
354,Jacobi Jupe
355,Joshua Blue Pickering
356,Wang Yibo
357,Yu
358,Zhang
359,Zhou Dongyu
360,Xu Kaicheng
361,Bu Yu
362,Yosh Yu
363,Fang
364,Josh Lucas
365,Fernanda Urrejola
366,Julio Cedillo
367,Venus Ariel
368,Carlos Solórzano
369,Jorge A. Jimenez
370,Raúl Méndez
371,Héctor Jiménez
372,Edgar Flores
373,Lily Tomlin
374,Jane Fonda
375,Rita Moreno
376,Sally Field
377,Tom Brady
378,Billy Porter
379,Harry Hamlin
380,Guy Fieri
381,Alex Moffat
382,Jake Gyllenhaal
383,Dar Salim
384,Antony Starr
385,Alexander Ludwig
386,Emily Beecham
387,Jason Wong
388,Bobby Schofield
389,Sean Sagar
390,Reza Diako
391,Kelvin Harrison Jr.
392,Samara Weaving
393,Lucy Boynton
394,Alex Fitzalan
395,Minnie Driver
396,Sian Clifford
397,Marton Csokas
398,Alec Newman
399,Ronkẹ Adékoluẹjo
400,Shailene Woodley
401,Ben Mendelsohn
402,Jovan Adepo
403,Ralph Ineson
404,Rosemary Dunsmore
405,Jason Cavalier
406,Mark Camacho
407,Darcy Laurie
408,Karine Dion
409,Lily Sullivan
410,Alyssa Sutherland
411,Morgan Davies
412,Nell Fisher
413,Gabrielle Echols
414,Mia Challis
415,Jayden Daniels
416,Tai Wano
417,Billy Reynolds-McCarthy
418,Liam Neeson
419,Diane Kruger
420,Jessica Lange
421,Danny Huston
422,Alan Cumming
423,Ian Hart
424,Adewale Akinnuoye-Agbaje
425,Daniela Melchior
426,Patrick Muldoon
427,Joaquin Phoenix
428,Patti LuPone
429,Amy Ryan
430,Nathan Lane
431,Kylie Rogers
432,Denis Ménochet
433,Parker Posey
434,Zoe Lister-Jones
435,Armen Nahapetian
436,Ana de Armas
437,Chris Evans
438,Mike Moh
439,Amy Sedaris
440,Tim Blake Nelson
441,Tate Donovan
442,Lizze Broadway
443,Marwan Kenzari
444,Joel Courtney
445,Kelsey Grammer
446,Jonathan Roumie
447,Kimberly Williams-Paisley
448,Anna Grace Barlow
449,Julia Campbell
450,Alexia Ioannides
451,Matthew Montemaro
452,DeVon Franklin
453,Walter Jones
454,David Yost
455,Steve Cardenas
456,Johnny Yong Bosch
457,Karan Ashley
458,Catherine Sutherland
459,Charlie Kersh
460,Richard Steven Horvitz
461,Barbara Goodson
462,Minami Takayama
463,Wakana Yamazaki
464,Rikiya Koyama
465,Megumi Hayashibara
466,Shuichi Ikeda
467,Kazuhiko Inoue
468,Kenichi Ogata
469,Atsuko Yuya
470,Yukimasa Kishino
471,Alexander Dreymon
472,Mark Rowley
473,Arnas Fedaravicius
474,Harry Gilby
475,Rod Hallett
476,Ross Anderson
477,Tom Christian
478,Nicholas Wittman
479,Zak Sutcliffe
480,Everett Osborne
481,Cary Elwes
482,Jeremy Piven
483,Eric Roberts
484,Jim Caviezel
485,Richard Dreyfuss
486,Kevin Pollak
487,Mike Starr
488,Jim Meskimen
489,Sean Patrick Flanery
490,Jordan Belfi
491,Stelio Savante
492,Tom Ohmer
493,Cameron Arnett
494,Eric Hanson
495,Nanoka Hara
496,Hokuto Matsumura
497,Eri Fukatsu
498,Shota Sometani
499,Sairi Ito
500,Kotone Hanase
501,Kana Hanazawa
502,Matsumoto Hakuō II
503,Ryunosuke Kamiki
504,Phillipa Soo
505,Luke Bracey
506,Michaela Conlin
507,Tom Everett Scott
508,Monica Bellucci
509,Rob Huebel
510,Alfonso Perugini
511,Yonv Joseph
512,Giulio Maria Corso
513,Dylan Sprouse
514,Virginia Gardner
515,Austin North
516,Libe Barer
517,Rob Estes
518,Brian Austin Green
519,Autumn Reeser
520,Samuel Larsen
521,Manal El-Feitury
522,Franck Dubosc
523,Aure Atika
524,Alexis Michalik
525,Héléna Noguerra
526,Violette Guillon
527,Evan Paturel
528,Ilan Debrabant
529,Swan Joulin
530,Annelise Hesme
531,Little Richard
532,John Waters
533,Mick Jagger
534,Tom Jones
535,Paul McCartney
536,Greg Kriek
537,Sean Kanan
538,Daniel Roebuck
539,Louise Barnes
540,Jamie Bernadette
541,Jon Provost
542,Allie Ayers
543,Jennifer Willis
544,B.A. Tobin
545,Tatyana Ali
546,Kudakwashe Rutendo
547,Nadine Roden
548,Mikalah Reid-Beckette
549,Amanda Schull
550,Carlo Marks
551,Morgana Wyllie
552,Kathryn Dobbs
553,Lindsay Gibson
554,Micah Kelpin
555,William MacDonald
556,Nathan Parrott
557,Eileen Pedde
558,Miray Daner
559,Burak Dakak
560,Umut Kurt
561,Danilo de Alencar Trindade
562,Louis Koo
563,Neo Yau
564,Angela Yuen
565,Poon Chan-Leung
566,Bowie Lam
567,Heather Muriel Nguyen
568,Ben Ubiñas
569,Xan Churchwell
570,Natalia Caraballo
571,Jerry Ng
572,Tris Arthur
573,Frankie McNair
574,Mish Wittrup
575,Hunter King
576,Chandler Massey
577,Francesca Bianchi
578,Tiffany Grey
579,Jiad Arroyo
580,Rob Guinto
581,Kazuchika Okada
582,Seiya Sanada
583,Hiromu Takahashi
584,Robbie Eagles
585,Hirooki Goto
586,Nobuo Yoshihashi
587,Kyle Fletcher
588,Davis Passfield
589,Lucas Eatwell
590,Kunchacko Boban
591,Jayasurya
592,Nivetha Thomas
593,Sidhartha Siva
594,Prem Prakash
595,Senthil Krishna Rajamani
596,Rajesh Sharma
597,Prayaga Martin
598,Arya Babu
599,Stephanie Mills
600,Thomas Miles
601,Keeya King
602,Jesse Rodriguez
603,Cristian Gonzalez
604,Murodjon Akhmadaliev
605,Marlon Tapales
606,Raymond Ford
607,Jessie Magdaleno
608,Thomas Mattice
609,Ramiro Cesena
610,Israil Madrimov
611,Eli Jackson
612,Anthony Carbone
613,Thomas Tyrell
614,Josiah Todd
615,Jessica Lowden
616,Caleb Pieri
617,Sancia Turner
618,Paul Griffiths
619,Jed Maegraith
620,Kouhei Takeda
621,佐藤恋和
622,RK Bagatsing
623,Meg Imperial
624,Aljur Abrenica
625,Rico Barrera
626,Gelli De Belen
627,Josh de Guzman
628,Christopher de Leon
629,Lotlot De Leon
630,Jenine Desiderio
631,Carlo Aquino
632,Eisel Serrano
633,Ana Abad-Santos
634,Arlene Muhlach
635,Juan Miguel Severo
636,Meanne Espinosa
637,Patrick Quiroz
638,Yoo Min-gon
639,Bela Padilla
640,Lorna Tolentino
641,Boboy Garovillo
642,Tex Ordoñez-De Leon
643,Raul Montesa
644,Hasna Cabral
645,Lee Suya
646,Sandra Jung
647,Romnick Sarmenta
648,Elijah Canlas
649,Joonee Gamboa
650,Enchong Dee
651,Xilhouete
652,Keempee de Leon
653,Awra Briguela
654,Maris Racal
655,KaladKaren
656,Gladys Reyes
657,Eugene Domingo
658,Nico Antonio
659,NA
660,Alex Gonzaga
661,Angeline Quinto
662,Victor Silayan
663,Julian Roxas
664,Ruby Ruiz
665,Leo Bruno
666,Papa Jackson
667,Gerald Anderson
668,Kylie Padilla
669,Makharbek Karginov
670,Josiel Silva
671,Demián Bichir
672,Evan Whitten
673,Christian Slater
674,Ashley Ciarra
675,Nickolas Verdugo
676,Adriana Paz
677,Gerardo Taracena
678,Seeman
679,Pugazh Mahendran
680,Palamedu Parthipan
681,Subapriya
682,C.H. Jayarao
683,Kalai Sekaran
684,G.A. Sivasundar
685,Chloe Bailey
686,Anjelika Washington
687,Druski
688,Birgundi Baker
689,Jekalyn Carr
690,Quavo
691,Tristan Mack Wilds
692,Loren Lott
693,Kiara Iman Heffner
694,Demi Banwo
695,Adesua Etomi-Wellington
696,Tobi Bakre
697,Adebowale Adedayo
698,Alabi Pasuma
699,Olarotimi Fakunle
700,Liu Haocun
701,Kevin Guo
702,Xiao Shenyang
703,Riku Hagiwara
704,Yusei Yagi
705,Owen Wilson
706,Michaela Watkins
707,Ciara Renée
708,Lusia Strus
709,Stephen Root
710,Lucy Freyer
711,Denny Dillon
712,Evander Duck Jr.
713,Neslihan Atagül
714,Necip Memili
715,Serkan Çayoğlu
716,Meral Çetinkaya
717,Beril Pozam
718,Efe Tunçer
719,Gamze Karaduman
720,Sacide Taşaner
721,Kamil Güler
722,Aditya Roy Kapur
723,Mrunal Thakur
724,Ronit Roy
725,Vedika Pinto
726,Michelle Williams
727,Hong Chau
728,Maryann Plunkett
729,John Magaro
730,André 3000
731,James Le Gros
732,Judd Hirsch
733,Todd-o-Phonic Todd
734,Lauren Lakis
735,Ariela Barer
736,Forrest Goodluck
737,Sasha Lane
738,Lukas Gage
739,Jake Weary
740,Kristine Froseth
741,Jayme Lawson
742,Marcus Scribner
743,Irene Bedard
744,Gautham Karthik
745,Revathy Sharma
746,Pugazh
747,TSR
748,Jason Isbell
749,Amanda Shires
750,Ravi Teja
751,Anu Emmanuel
752,Megha Akash
753,Sushanth
754,Faria Abdullah
755,Daksha Nagarkar
756,Pujita Ponnada
757,Jayaram
758,Murali Sharma
759,McKaley Miller
760,Dermot Mulroney
761,Anne Heche
762,Wil Deusner
763,Brice Anthony Heller
764,Morgana Van Peebles
765,Keyara Milliner
766,Jayson Warner Smith
767,Jordan Blair Mangold Brown
768,Aoi Ito
769,Katsuya Tokuma
770,Aya Asahina
771,Mitsuo Masuda
772,Ai Tominaga
773,Katsunori Takahashi
774,Kazuki Kitamura
775,Mari Natsuki
776,Aoi Koga
777,Akira Sekine
778,You Taichi
779,Akari Kageyama
780,Nozomi Furuki
781,Takayuki Sugo
782,Hiroyuki Honda
783,Takumi Yamazaki
784,Joey Herman
785,Ridley Knight
786,Tayler Beth Anderson
787,Jake Jeffers
788,Emma Grey
789,Kjersti Strandness
790,Mark Ferrando
791,Alex Kravitz
792,Jeff Santos
793,Himself
794,Joanne Perica
795,Natalie Buljac
796,Jimmy Barbarise
797,Brewer Daniels
798,Oscar Bustillo
799,Domenica Marchese
800,Keon Rashad Gaynor
801,Shawn Mailloux Adler
802,Vaibhav Tatwawadi
803,Hruta Durgule
804,Milind Shinde
805,Ramesh Pardeshi
806,Sukant Rath
807,Partha Sarathi Ray
808,Ananya Mishra
809,Choudhary Jayprakash Das
810,B M Baisali
811,Pranab Prasanna Rath
812,Chandan Biswal
813,Manisha Manjari Mishra
814,Kailash Panigrahi
815,Gisele Moreira
816,Melissa Dixon
817,Ivana Širić
818,Ewelina Woźniak
819,Mickaël Lebout
820,Laureano Staropoli
821,Luthando Biko
822,Samir Faiddine
823,Dhileepan Pugazhendi
824,Deepthi Manne
825,Vijay sanjith
826,Pierre Verville
827,Jean-Moïse Martin
828,Édith Cochrane
829,Jade Charbonneau
830,Matai Stevens
831,Derrick Frenette
832,Jacob Whiteduck-Lavoie
833,Lana Cooper
834,Alex Czerwinski
835,Sven Henninges
836,Tim-Fabian Hoffmann
837,Julia Malik
838,Franziska Ponitz
839,Daniel Roth
840,Robert Stadlober
841,Thomas Thieme
842,Abhiram Daggubati
843,Geethika Tiwary
844,Sadha
845,Kamal Kamaraju
846,Rajat Bedi
847,Ravi Kale
848,Manoj Singh Tiger
849,Kalpalatha
850,Devi Prasad
851,Nia Beane
852,Aaron Cohen
853,Josh Mandel
854,Yūki Fujimoto
855,Yoshihiro Nakamura
856,Mete Akalın
857,Cevat Çapan
858,Atilla Dorsay
859,Burçak Evren
860,Mustafa Göçmen
861,Onat Kutlar
862,Seza Kutlar Aksoy
863,Filiz Kutlar
864,Mazlum Kutlar
865,Gaurav Chakrabarty
866,Kamaleswar Mukherjee
867,Rahul Banerjee
868,Gourab Chatterjee
869,Kan Singh Sodha
870,Ishaan Mazumdar
871,Anindya Chatterjee
872,Ashim Roy Chowdhury
873,Rafiath Rashid Mithila
874,Görkem Kasal
875,Münircan Cindoruk
876,Ali Seçkiner Alıcı
877,Feridun Koç
878,Tarhan Karagöz
879,Muttalip Müjdeci
880,Sencar Sağdıç
881,Sezin Bozacı
882,Kadir Doğulu
883,Sinan Albayrak
884,Dilek Serbest
885,Bülent Çolak
886,İpek Filiz Yazıcı
887,Eva Dedova
888,Zeliha Çetinkaya
889,Beyti Engin
890,Gürhan Elmalıoğlu
891,Tristan Noller
892,Ella Kempker
893,Rafe Donnenwerth
894,Renae Richmond
895,Luke Parrett
896,Benedict Cezair-Thompson
897,Latasha Thompson
898,Abel Ortega
899,María Isabel Reyes
900,Nicolas Anderson
901,Anderson Matthew
902,Akil Santhosh
903,Lavanya
904,Arumugam Bala
905,Subramanian Mathavan
906,Håkan Hellström
907,Stefan Sporsén
908,Finn Björnulfson
909,Mattias Hellberg
910,Labbe Grimelund
911,Nils Berg
912,Oscar Wallblom
913,Simon Ljungman
914,LaGaylia Frazier
915,Minh Tu Le
916,Nguyễn Phan Thái Vũ
917,Hải Dương
918,Huong Thu Chan
919,Đức Minh Hoàng
920,Sơn Khủng Long
921,Russell Crowe
922,Daniel Zovatto
923,Alex Essoe
924,Franco Nero
925,Laurel Marsden
926,Cornell John
927,River Hawkins
928,Pablo Raybould
929,Dennis Quaid
930,Heather Graham
931,Jesse Metcalfe
932,Abbey Rhyne
933,Jessi Case
934,Brett Rice
935,Rocky Myers
936,Selena Anduze
937,E. Roger Mitchell
938,Guillermo Francella
939,Pablo Rago
940,Andrea Frigerio
941,Carlos Portaluppi
942,Alberto Ajaka
943,Guillermo Arengo
944,Mónica Villa
945,Sandra Drzymalska
946,Isabelle Huppert
947,Lorenzo Zurzolo
948,Mateusz Kościukiewicz
949,Tomasz Organek
950,Lolita Chammah
951,Agata Sasinowska
952,Anna Rokita
953,Michał Przybysławski
954,Nataliia Denysenko
955,Artem Pyvovarov
956,Nazar Zadniprovskyi
957,Oleh Skripka
958,Who Sits in the Rock (voice)
959,Kylina (voice)
960,Frol (voice)
961,Uncle Leo (voice)
962,The Healer (voice)
963,Ondina (voice)
964,Lillo Petrolo
965,Carolina Crescentini
966,Riccardo Antonaci
967,Ludovica Nasti
968,Yoon C. Joyce
969,Ismaelchrist Carlotti
970,Mario Luciani
971,Giorgio Colangeli
972,Diane Sawyer
973,Jeremy Renner
974,Nittha Jirayungyurn
975,Sukollawat Kanarot
976,Penpak Sirikul
977,Thanyaphat Mayuraleela
978,Namfon Pakdee
979,Suphithak Chatsuriyawong
980,Natniphaporm Ingamornrat
981,Pawarisa Surathin
982,Christian Howard
983,Jenna Michno
984,Elizabeth D'Onofrio
985,Madison Paige
986,Ricardo Burgos
987,Shane Costa
988,Tom Copeland
989,Renata Bresciani
990,Edward Kemper
991,Shane Nigam
992,Shine Tom Chacko
993,Siddique
994,Maniyanpilla Raju
995,Gayathrie Shankar
996,Lal Jr.
997,V. T. Vijilesh
998,Hannah Reji Koshy
999,Sandhya Shetty
1000,Greta Gasbarri
1001,Edoardo Leo
1002,Milena Mancini
1003,Riccardo Mandolini
1004,Alessia Manicastri
1005,Vinicio Marchioni
1006,Giorgia Faraoni
1007,Olaf Schubert
1008,Christian Lorenz
1009,Oka Antara
1010,Aurélie Moeremans
1011,Unique Priscilla
1012,Arswendi Nasution
1013,Fergie Brittany
1014,Johan Yanuar
1015,Angel Pieters
1016,Niniek Arum
1017,Troosti Wartanti
1018,Padung Songsang
1019,Kunatip Pinpradub
1020,Nachat Juntapun
1021,Kanticha Chumma
1022,Rada Dusayarin
1023,Dom Petchthamrongchai
1024,Apiwich Reardon
1025,Thawat Pornrattanaprasert
1026,Ruengyos Srisorodsakul
1027,Mark Lee
1028,Sheila Sim
1029,Shane Mardjuki
1030,Patricia Lin
1031,Pramote Pathan
1032,Pongkool Suebsung
1033,Sananthachat Thanapatpisal
1034,Carissa Springett
1035,Oh Sung-hyun
1036,Seo Ji-hee
1037,Billy Howle
1038,Mirren Mack
1039,Niamh Cusack
1040,Raymond Thiry
1041,Michele Riondino
1042,Emma Bading
1043,Aus Greidanus
1044,Denira Wiraguna
1045,Ferly Putra
1046,Fiedra Azalia
1047,Raden Rahayu
1048,Keiko Ananta
1049,Grace Keitlin Leo
1050,Yus Sukirno
1051,Udin Batui
1052,Nenek Aci
1053,Emil Kusumo
1054,Emma Warokka
1055,Muhamad Nurul Huda
1056,Keira Shabira
1057,Hana Hanifah
1058,Abey Ghifran
1059,Fajar Gomez
1060,Piet Pagau
1061,Tomy Babap
1062,Mike Müller
1063,Suly Röthlisberger
1064,Barbara Terpoorten
1065,Reto Stalder
1066,Samuel Streiff
1067,Martin Ostermeier
1068,Johanna Bantzer
1069,Dimitri Stapfer
1070,Mona Petri
1071,Dávid Csányi
1072,Elek Ferenc
1073,András Sütö
1074,Franciska Farkas
1075,Varga Ádám
1076,Alexis Latham
1077,Benett Vilmányi
1078,Andrew Hefler
1079,Wieland Speck
1080,Tawfeek Barhom
1081,Fares Fares
1082,Mohammad Bakri
1083,Makram J. Khoury
1084,Mehdi Dehbi
1085,Younes Medhat
1086,Yunus Albayrak
1087,Sherwan Haji
1088,Amr Mosad
1089,Juliet Doherty
1090,Lauren Esposito
1091,Joel Burke
1092,Carolyn Bock
1093,Primrose Kern
1094,Mietta White
1095,Ashleigh Rose
1096,Nicholas Andrianakos
1097,Laura New
1098,Vladimir Yaglych
1099,Ирина Кобзева
1100,Stanislav Bondarenko
1101,Оксана Лесная
1102,Irina Bezryadnova
1103,Anna Slyusareva
1104,Maksim Shchyogolev
1105,Sofya Shidlovskaya
1106,Natalya Pavlenkova
1107,Grigory Vernik
1108,Anastasiya Venkova
1109,Vladimir Mayzinger
1110,Ekaterina Steblina
1111,Alina Yukhnevich
1112,Gavin Ward
1113,Greyson Ward
1114,Sawyer Ward
1115,Blane Craig
1116,Levi Wight
1117,Ingrid Hrubaničová
1118,Vladimír Zboroň
1119,Jaroslava Sisáková
1120,Daniela Gudabová
1121,Tatiana Marta Rehúšová
1122,Ľudmila Lukačíková
1123,Petr Kalmus
1124,Peter Bálik
1125,Róbert Zipser
1126,Ekaterina Guseva
1127,Valentina Lyapina
1128,Stanislav Duzhnikov
1129,Andrey Nesterenko
1130,Igor Jijikine
1131,Антон Лаврентьев
1132,Aleksey Chumakov
1133,Sergey Dyakov
1134,Renji Panicker
1135,Shanthi Krishna
1136,Rahul Madhav
1137,Jayaraj Warrier
1138,Mareena Michael
1139,Savathiri Sreedharan
1140,Kirill Käro
1141,Pavel Chernyshev
1142,Angelina Strechina
1143,Anastasiya Todorescu
1144,Irina Voronova
1145,Soslan Fidarov
1146,Ulyana Pilipenko
1147,Dima Markov
1148,Remya Nambeesan
1149,Zarin Shihab
1150,Ashwathy B
1151,Anarkali Marikar
1152,Krisha Kurup
1153,Raina Radhakrishnan
1154,Harish Uthaman
1155,Sajin Cherukayil
1156,Gibin Gopinath
1157,Matt Cook
1158,Caroline Rhea
1159,Shannon Dang
1160,Sam Pancake
1161,Sara Lindsey
1162,Antonio Marziale
1163,Julie Craig
1164,Devere Rogers
1165,Dominique Toney
1166,Keegan McLean deWitt
1167,Fabiola De Vivero
1168,Andrea Poirier
1169,Ralph Perl
1170,Marshall M
1171,Trey M
1172,Jeff Strip
1173,Kelly
1174,Trevor
1175,Flake M
1176,Marsh M
1177,Franklin Guinea Pig
1178,Anya Taylor-Joy
1179,Charlie Day
1180,Jack Black
1181,Keegan-Michael Key
1182,Fred Armisen
1183,Kevin Michael Richardson
1184,Sebastian Maniscalco
1185,Jason Bateman
1186,Marlon Wayans
1187,Chris Messina
1188,Chris Tucker
1189,Viola Davis
1190,Julius Tennon
1191,Damian Young
1192,Pope Francis
1193,François Civil
1194,Eva Green
1195,Vincent Cassel
1196,Romain Duris
1197,Pio Marmaï
1198,Louis Garrel
1199,Vicky Krieps
1200,Jacob Fortune-Lloyd
1201,Lewis Capaldi
1202,Elena Irureta
1203,Berto Romero
1204,José Mota
1205,Marta González de Vega
1206,Antonio Resines
1207,Santiago Segura
1208,David Guapo
1209,Martita de Graná
1210,Melania Urbina
1211,Louise Bourgoin
1212,Leïla Bekhti
1213,Karim Leklou
1214,Jean-Charles Clichet
1215,Ghislain de Fonclare
1216,Emmanuelle Schaaff
1217,Guillaume Bouttemy
1218,Ahn Jae-hong
1219,Lee Sin-young
1220,Jeong Jin-woon
1221,Kim Taek
1222,Jung Gun-joo
1223,Kim Min
1224,Ahn Ji-ho
1225,Zita Hanrot
1226,Louise Chevillotte
1227,Sième Miladi
1228,Laure Giappiconi
1229,Pedro Casablanc
1230,Yuliya Abiss
1231,Tokou Bogui
1232,Céline Fuhrer
1233,Sipan Mouradian
1234,Chutimon Chuengcharoensukying
1235,Nopachai Chaiyanam
1236,Gunn Svasti
1237,Bhumibhat Thavornsiri
1238,Varit Hongsananda
1239,Prachan Vong-uthaiphan
1240,Ratchawat Vichianrat
1241,Pattarawit Junthai
1242,Rangsit Budngam
1243,Scott Caan
1244,Frank Grillo
1245,Virginia Madsen
1246,J.K. Simmons
1247,Taryn Manning
1248,Marianne Rendón
1249,Georgie Carroll
1250,Billy Blair
1251,Bruce Davis
1252,Marko Zaror
1253,Eyal Meyer
1254,Gina Aguad
1255,Man Soo Yoon
1256,José Manuel
1257,Cristian Garín
1258,Francisco Castro
1259,Mena Suvari
1260,Casper Van Dien
1261,Maya Stojan
1262,Will Peltz
1263,Mickey Rourke
1264,Kipp Tribble
1265,Jessica Belkin
1266,Jason London
1267,Jeremy London
1268,Mo'Nique
1269,Ryan Kiera Armstrong
1270,Noah Le Gros
1271,Clint Howard
1272,Shiloh Fernandez
1273,Abraham Benrubi
1274,Nick Searcy
1275,Kerry Knuppe
1276,Dean Armstrong
1277,Colby Lopez
1278,Logan Paul
1279,Austin White
1280,Ashley Fliehr
1281,Demi Bennett
1282,Joshua Fatu
1283,Jonathan Fatu Jr.
1284,Kevin Steen
1285,Jocelyn Hudon
1286,Jake Manley
1287,Lucy Newman-Williams
1288,Juliana Wimbles
1289,Patricia McKenzie
1290,Adam Sandler
1291,Jennifer Aniston
1292,Mark Strong
1293,Mélanie Laurent
1294,Jodie Turner-Smith
1295,John Kani
1296,Kuhoo Verma
1297,Dany Boon
1298,Adeel Akhtar
1299,Taron Egerton
1300,Nikita Efremov
1301,Sofia Lebedeva
1302,Anthony Boyle
1303,Igor Grabuzov
1304,Ben Miles
1305,Ken Yamamura
1306,Roger Allam
1307,Jeon Do-yeon
1308,Sol Kyung-gu
1309,Kim Si-a
1310,Esom
1311,Koo Kyo-hwan
1312,Kim Sung-oh
1313,Lee Yeon
1314,Hwang Jung-min
1315,Choi Byung-mo
1316,Peyton Elizabeth Lee
1317,Milo Manheim
1318,Margaret Cho
1319,Blake Draper
1320,Monique A. Green
1321,Arica Himmel
1322,Jason Sakaki
1323,David S. Jung
1324,Nolen Dubuc
1325,Angeli Khang
1326,Jela Cuenca
1327,Kiko Estrada
1328,Azi Acosta
1329,Chesca Paredes
1330,Amor Lapus
1331,Benz Sangalang
1332,Nor Domingo
1333,Gilleth Sandico
1334,Andy Allo
1335,Nomzamo Mbatha
1336,Bruce Willis
1337,Mustafa Shakir
1338,Dominic Purcell
1339,Fernanda Andrade
1340,Barry Jay Minoff
1341,Eugenia Kuzmina
1342,Hannah Quinlivan
1343,David Jonsson
1344,Vivian Oparah
1345,Poppy Allen-Quarmby
1346,Simon Manyonda
1347,Benjamin Sarpong-Broni
1348,Karene Peter
1349,Malcolm Atobrah
1350,Alice Hewkin
1351,Levi Roots
1352,Nicola Mouawad
1353,Sara Seyed
1354,Scot Cooper
1355,Luis Fernandez-Gil
1356,Orestes Sophocleous
1357,Ted Harvey
1358,Edaan Moskowitz
1359,Milena Smit
1360,Jaime Lorente
1361,Carlos G. Morollón
1362,Anastasia Russo
1363,Teresa Rabal
1364,Ruth Gabriel
1365,Luis Perezagua
1366,Enara Prieto
1367,Ana Blanco de Córdova
1368,Lachlan Watson
1369,Nick Sandow
1370,Brendan Meyer
1371,Michele Hicks
1372,Shunori Ramanathan
1373,Boyana Balta
1374,Beckett Guest
1375,Michelle Violette
1376,Jessica Sula
1377,Candice Coke
1378,Chaney Morrow
1379,Clarke Wolfe
1380,Morgan Lennon
1381,Valerie Loo
1382,Monroe Cline
1383,Eric Olson
1384,Sam Brooks
1385,Jeremy Jordan
1386,Michelle Monaghan
1387,Jay Pharoah
1388,Lyndsy Fonseca
1389,Dan Fogler
1390,Peyton List
1391,James Wolk
1392,Michael Ian Black
1393,Chris Redd
1394,Rhonda Dent
1395,Emily Tennant
1396,Jason Cermak
1397,Ashley Alexander
1398,Teyana Taylor
1399,William Catlett
1400,Josiah Cross
1401,Aven Courtney
1402,Aaron Kingsley Adetola
1403,Terri Abney
1404,Delissa Reynolds
1405,Amelia Workman
1406,Adriane Lenox
1407,Chris Pine
1408,Regé-Jean Page
1409,Justice Smith
1410,Sophia Lillis
1411,Hugh Grant
1412,Chloe Coleman
1413,Daisy Head
1414,Song Kang-ho
1415,Gang Dong-won
1416,Bae Doona
1417,IU
1418,Lee Joo-young
1419,Lim Seung-soo
1420,Park Ji-yong
1421,Song Sae-byuk
1422,Kim Sun-young
1423,Rhea Seehorn
1424,Katelyn Nacon
1425,Gabriel Rush
1426,Amy Hargreaves
1427,West Duchovny
1428,Tony Shalhoub
1429,Elisabeth Henry-Macari
1430,Madison Lawlor
1431,Andrew Biernat
1432,Caleb J. Spivak
1433,Laith Wallschleger
1434,Kalli Therinae
1435,James Knight
1436,Rebecca Futterman
1437,Amy Daws
1438,Til Schweiger
1439,Tina Ruland
1440,Tim Oliver Schultz
1441,Michael Kessler
1442,Moritz Bleibtreu
1443,Wotan Wilke Möhring
1444,Emma Schweiger
1445,Zachi Noy
1446,Axel Stein
1447,Ajay Devgn
1448,Tabu
1449,Deepak Dobriyal
1450,Amala Paul
1451,Sanjay Mishra
1452,Gajraj Rao
1453,Vineet Kumar
1454,Tarun Gahlot
1455,Abhishek Bachchan
1456,Ilse Salas
1457,José María Nieto
1458,Ana Paula del Moral
1459,Santiago Aray
1460,Sophie Alexander-Katz
1461,Norma Angélica
1462,Eugenio Bartilotti
1463,Juan Carlos Colombo
1464,Claudia Álvarez
1465,David Giuntoli
1466,Patrick Fabian
1467,John DiMaggio
1468,Karan Brar
1469,Darin De Paul
1470,Emily O'Brien
1471,Christopher Gorham
1472,David Dastmalchian
1473,Stephen A. Elkins
1474,Max Purget
1475,Bobby Ray Thompson III
1476,Joey Lauren Adams
1477,Alex Hyde-White
1478,Amanda Joy Erickson
1479,Scott Bailey
1480,Ava Torres
1481,Yami Gautam
1482,Sunny Kaushal
1483,Sharad Kelkar
1484,Indraneil Sengupta
1485,Barun Chanda
1486,Sunil Palwal
1487,Ghanshyam Lalsa
1488,Robin Das
1489,Aru Krishansh Verma
1490,Pepe Viyuela
1491,Paz Padilla
1492,El Cejas
1493,Ricardo Castella
1494,Carla Chiorazzo
1495,Meteora Fontana
1496,Keanu Reeves
1497,Donnie Yen
1498,Bill Skarsgård
1499,Ian McShane
1500,Laurence Fishburne
1501,Lance Reddick
1502,Clancy Brown
1503,Hiroyuki Sanada
1504,Shamier Anderson
1505,Alfonso Herrera
1506,Joaquín Cosío
1507,Ana de la Reguera
1508,Ana Martín
1509,Angelina Peláez
1510,Mayra Hermosillo
1511,Fermín Martínez
1512,Leticia Huijara
1513,Idris Elba
1514,Cynthia Erivo
1515,Andy Serkis
1516,Dermot Crowley
1517,Thomas Coombes
1518,Hattie Morahan
1519,Lauryn Ajufo
1520,Vincent Regan
1521,Ross Waiton
1522,Reggie Jackson
1523,Julius Erving
1524,Hank Aaron
1525,Derek Jeter
1526,Patrick Gibson
1527,Sophie Wilde
1528,Christoph Waltz
1529,Sam Neill
1530,Miranda Otto
1531,Chris Pang
1532,Jessica De Gouw
1533,Rachel House
1534,Arka Das
1535,Avan Jogia
1536,Ajani Russell
1537,Tyson Ritter
1538,Bai Ling
1539,Vanessa Angel
1540,Armen Garo
1541,Robert LaSardo
1542,Nick Principe
1543,Louis Tomlinson
1544,Oliver Wright
1545,Matt Vines
1546,Helene Horlyck
1547,Lottie Tomlinson
1548,Daisy Tomlinson
1549,Phoebe Tomlinson
1550,Len Poulston
1551,Jennifer Poulston
1552,Skeet Ulrich
1553,Daniel Diemer
1554,Jordan Kristine Seamón
1555,Alec Baldwin
1556,Richard Gunn
1557,Praya Lundberg
1558,Johnny Wactor
1559,Anjul Nigam
1560,Noah Jupe
1561,Mandy Patinkin
1562,Natasia Demetriou
1563,Benedict Wong
1564,Miranda Richardson
1565,Kirby Howell-Baptiste
1566,Aasif Mandvi
1567,Kaaris
1568,Alassane Diong
1569,Assa Sylla
1570,Issaka Sawadogo
1571,Hassam Ghancy
1572,Jonas Dinal
1573,Dreyfus Gbadjale
1574,Fahmi Guerbaa
1575,Samuel Jouy
1576,Keira Knightley
1577,Carrie Coon
1578,Chris Cooper
1579,Alessandro Nivola
1580,Rory Cochrane
1581,Peter Gerety
1582,Robert John Burke
1583,Ryan Winkles
1584,Ward Kerremans
1585,Sallie Harmsen
1586,Johan Leysen
1587,Jesse Mensah
1588,Mieke De Groote
1589,Katelijne Damen
1590,Lize Feryn
1591,Simon D'Huyvetter
1592,Daphne Wellens
1593,Mike Faist
1594,Crystal Reed
1595,Dennis Boutsikaris
1596,Christopher Convery
1597,Connor Ratliff
1598,Mike Doyle
1599,Kenneth Tigar
1600,Bryan Batt
1601,Ava Mendez
1602,Ali Asistio
1603,Mark Anthony Fernandez
1604,Marco Gomez
1605,Ada Hermosa
1606,Aubrey Avila
1607,Zachary Levi
1608,Asher Angel
1609,Jack Dylan Grazer
1610,Grace Caroline Currey
1611,Lucy Liu
1612,Rachel Zegler
1613,Adam Brody
1614,Meagan Good
1615,Kirsten Day
1616,America Young
1617,Ogie Banks
1618,Laila Berzins
1619,Alex Cazares
1620,Greg Chun
1621,Julyza Commodore
1622,Innocent Ekakitie
1623,Lisa Fuson
1624,David Corenswet
1625,Tandi Wright
1626,Matthew Sunderland
1627,Emma Jenkins-Purro
1628,Alistair Sewell
1629,Amelia Reid
1630,Gabe McDonnell
1631,Lauren Stewart
1632,Bill Nighy
1633,Aimee Lou Wood
1634,Alex Sharp
1635,Tom Burke
1636,Adrian Rawlins
1637,Oliver Chris
1638,Hubert Burton
1639,Zoe Boyle
1640,Barney Fishwick
1641,Sushar Manaying
1642,Theerapat Sajakul
1643,Thanachat Tullayachat
1644,Vithaya Pansringarm
1645,Wanmai Chatborrirak
1646,Lamyai Haithongkham
1647,Noelle Perdue
1648,Mike Stabile
1649,FSC
1650,Self - Porn Performer
1651,Self - Journalist
1652,Bree Mills
1653,Cherie DeVille
1654,Asa Akira
1655,Natassia Dreams
1656,Willem Dafoe
1657,Gene Bervoets
1658,Josia Krug
1659,Eliza Stuyck
1660,Andrew Blumenthal
1661,Vincent Eaton
1662,Daniel White
1663,Cornelia Buch
1664,Ava von Voigt
1665,Kim Da-mi
1666,Jeon So-nee
1667,Byeon Woo-seok
1668,Jang Hye-jin
1669,Park Choong-seon
1670,Kim Soo-hyung
1671,Ryu Ji-an
1672,Heo Ji-na
1673,Kang Mal-geum
1674,Pedro Pascal
1675,Bella Ramsey
1676,Neil Druckmann
1677,Craig Mazin
1678,Anna Torv
1679,Troy Baker
1680,Ashley Johnson
1681,Ksenia Sereda
1682,Paco León
1683,Ernesto Alterio
1684,Celia Freijeiro
1685,Raúl Cimas
1686,Álvaro Guerrero
1687,Andrea Chaparro
1688,Eduardo Minett
1689,Fernando Larrañaga
1690,Eduardo de la Peña
1691,Sidney Robote
1692,Saak
1693,Juca Viapri
1694,Morgan Freeman
1695,Cole Hauser
1696,Vernon Davis
1697,Peter Stormare
1698,Giuseppe Zeno
1699,Murielle Hilaire
1700,Luke Stratte-McClure
1701,Brian Kurlander
1702,Julie Lott
1703,Bloom Li
1704,Dexter Darden
1705,Ben Wang
1706,Zoe Renee
1707,Chase Liefeld
1708,Mardy Ma
1709,Alexandre Chen
1710,Nile Bullock
1711,Cathy Salvodon
1712,Max Ehrich
1713,Braxton Bjerken
1714,Beau Hart
1715,Liam Pileggi
1716,Friedman Twinkies
1717,Burgess Jenkins
1718,Alex Sgambati
1719,Justin Miles
1720,Miley Cyrus
1721,Daniel Stisen
1722,Lauren Okadigbo
1723,Yennis Cheung
1724,Byron Gibson
1725,Steven Blades
1726,Samantha Schnitzler
1727,Michael Billington
1728,Michael Geary
1729,Phillip Ray Tommy
1730,Woody Harrelson
1731,Kaitlin Olson
1732,Cheech Marin
1733,Ernie Hudson
1734,Madison Tevlin
1735,Joshua Felder
1736,Kevin Iannucci
1737,Ashton Gunning
1738,Melissa Barrera
1739,Jenna Ortega
1740,Jasmin Savoy Brown
1741,Mason Gooding
1742,Roger Jackson
1743,Courteney Cox
1744,Jack Champion
1745,Josh Segarra
1746,Adam Driver
1747,Nika King
1748,Brian Dare
1749,Cassandra Sánchez Navarro
1750,David Chocarro
1751,Soledad Silveyra
1752,Emilio Guerrero
1753,Ximena Sariñana
1754,Pilar Santacruz
1755,Paulina Patterson
1756,Karina Díaz
1757,Anahí Allue
1758,Danielle Deadwyler
1759,Jalyn Hall
1760,Frankie Faison
1761,Haley Bennett
1762,John Douglas Thompson
1763,Whoopi Goldberg
1764,Tosin Cole
1765,Kevin Carroll
1766,Isabelle Adjani
1767,François Cluzet
1768,James Wilby
1769,Marine Vacth
1770,Pierre Niney
1771,Emmanuelle Devos
1772,Laura Morante
1773,Charles Berling
1774,Nicolas Briançon
1775,Andrea Riseborough
1776,Andre Royo
1777,Owen Teague
1778,James Landry Hébert
1779,Matt Lauria
1780,Catfish Jean
1781,Marc Maron
1782,Allison Janney
1783,Naomi Krauss
1784,Goran Bogdan
1785,Adnan Maral
1786,Bahar Balci
1787,Artjom Gilz
1788,Davor Tomic
1789,Spencer Matthews
1790,Nims Purja
1791,Bear Grylls
1792,Vogue Williams
1793,Brianna Cohen
1794,Nicole Marie Johnson
1795,Zach Meiser
1796,Jonathan Stoddard
1797,Brandon Tyler Moore
1798,Kevin Wayne
1799,Aubrey Stevens
1800,Cheryl Frazier
1801,Wanda Morganstern
1802,Frédéric Diefenthal
1803,Murielle Huet des Aunay
1804,Louis Bernard
1805,Etienne Diallo
1806,Marie Bouvet
1807,Esther Gaumont
1808,Fanny Guidecoq
1809,Franck Adrien
1810,Véronique Kapoyan
1811,Frank Welker
1812,Grey DeLisle
1813,Matthew Lillard
1814,Kate Micucci
1815,P.J. Byrne
1816,Victoria Grace
1817,Charles Halford
1818,Nolan North
1819,Tara Strong
1820,Chris Rock
1821,Rallén Montenegro
1822,Arón Piper
1823,Enrique Arce
1824,Roberto García Ruiz
1825,Loreto Aravena
1826,Alejandro Trejo
1827,Eduardo Paxeco
1828,Camilo Arancibia
1829,Teresa Ramos
1830,Álvaro Cervantes
1831,Silvia Alonso
1832,Gorka Otxoa
1833,Susana Abaitua
1834,Nejat İşler
1835,Nur Fettahoğlu
1836,Şenay Gürler
1837,Ilayda Alişan
1838,Ilayda Akdoğan
1839,Erdal Yildiz
1840,Ata Artman
1841,Esra Ronabar
1842,Barış Falay
1843,Elena Kampouris
1844,Kate Moyer
1845,Callan Mulvey
1846,Bruce Spence
1847,Stephen Hunter
1848,Erika Heynatz
1849,Ashlee Juergens
1850,Sisi Stringer
1851,Orlando Schwerdt
1852,Krista Miller
1853,Nika Madrid
1854,Andrew Gan
1855,Rob Sy
1856,Boogie Canare
1857,Shaine Vasquez
1858,Joyce Javier
1859,Juliana Victoria
1860,Aldwin Alegre
1861,Wasabi Mizuta
1862,Megumi Oohara
1863,Yumi Kakazu
1864,Subaru Kimura
1865,Tomokazu Seki
1866,Marina Inoue
1867,Inori Minase
1868,Ren Nagase
1869,Sean de Guzman
1870,Cara Gonzales
1871,Josef Elizalde
1872,Julia Bersana
1873,Shiela Snow
1874,Millen Gal
1875,Thor Gomez
1876,Ardy Raymundo
1877,Michael B. Jordan
1878,Tessa Thompson
1879,Jonathan Majors
1880,Wood Harris
1881,Phylicia Rashād
1882,Mila Davis-Kent
1883,Florian Munteanu
1884,José Benavidez Jr.
1885,Selenis Leyva
1886,Chloe Guidry
1887,Nhedrick Jabier
1888,Carmina Garay
1889,Billy Slaughter
1890,Carli McIntyre
1891,Laura Coover
1892,Presley Richardson
1893,Sean Papajohn
1894,Legend Jay Jones
1895,Fiona Palomo
1896,Guillermo Villegas
1897,Nora Velázquez
1898,Jorge Zárate
1899,Camila Calónico
1900,Rebecca Jones
1901,Olivia Colman
1902,Micheal Ward
1903,Colin Firth
1904,Tom Brooke
1905,Tanya Moodie
1906,Hannah Onslow
1907,Crystal Clarke
1908,Monica Dolan
1909,Daniel Radcliffe
1910,Evan Rachel Wood
1911,Rainn Wilson
1912,Toby Huss
1913,Jack Lancaster
1914,Spencer Treat Clark
1915,Tommy O'Brien
1916,Arturo Castro
1917,Julianne Nicholson
1918,Levy Rico Arcos
1919,Rafael Luis Klein-Hessling
1920,Vincent Wiemer
1921,Aaron Maldonado-Morales
1922,Nicole Johannhanwahr
1923,Roland Wolf
1924,Franziska Wulf
1925,Jörg Rühl
1926,Marzia Tedeschi
1927,Tom Berenger
1928,Cam Gigandet
1929,Jonathan Avigdori
1930,Rafael Cabrera
1931,Rodrigo Abed
1932,Tonantzin Esparza
1933,Rodrigo Noya
1934,Luis Cao
1935,Florencia Raggi
1936,Barbie Pucheta
1937,Luis Rubio
1938,Federico Morosini
1939,Fabio Alberti
1940,Don Johnson
1941,Chris Diamantopoulos
1942,Kaitlin Doubleday
1943,Page Falkinburg Jr.
1944,Dylan Flashner
1945,Bianca D'Ambrosio
1946,Erik Bloomquist
1947,Roma Gąsiorowska
1948,Maciej Musiał
1949,Wojciech Zieliński
1950,Magdalena Groszek
1951,Jadwiga Zurawska
1952,Ewa Wencel
1953,Jacek Koman
1954,Małgorzata Mikołajczak
1955,Karolina Porcari
1956,Álvaro Agredano
1957,Trini Alabanda
1958,Fran Cubero
1959,María Giménez
1960,Araceli Hurtado
1961,Cesar Montano
1962,Cristine Reyes
1963,Diego Loyzaga
1964,Ella Cruz
1965,Ruffa Gutierrez
1966,Isko Moreno
1967,Marco Gumabao
1968,Cindy Miranda
1969,Jerome Ponce
1970,Matteus Lunot
1971,Zion Matheson
1972,Harlow Joy
1973,Miyoko Anderson
1974,Trevor Hayes
1975,Krista Morin
1976,David Lafontaine
1977,Matt Willis
1978,Joy Castro
1979,Emma Appleton
1980,Stefanie Martini
1981,Rory Fleck-Byrne
1982,Aaron Monaghan
1983,Shaun Boylan
1984,Hugh O'Conor
1985,Ayvianna Snow
1986,Philip Condron
1987,Kevin Hart
1988,John Travolta
1989,Jean Reno
1990,Kenneth Trujillo
1991,Joshua Lamboy
1992,Brandon Quinn
1993,Milana Vayntrub
1994,David Harbour
1995,Jahi Di'Allo Winston
1996,Anthony Mackie
1997,Erica Ash
1998,Niles Fitch
1999,Isabella Russo
2000,Tig Notaro
2001,Tom Bower
2002,Sean Boyd
2003,Alona Navarro
2004,John Flores
2005,Gwen Garci
2006,Yda Manzano
2007,Chad Kinis
2008,Soliman Cruz
2009,Alexa Ocampo
2010,Maud Guillaumin
2011,Jonathan Kuntz
2012,Mark Eliot
2013,Stephen Macht
2014,Stephen Schlesinger
2015,Steven Roth
2016,Julian Glover
2017,Lawrence Guterman
2018,John T. Price
2019,Keri Russell
2020,Alden Ehrenreich
2021,O'Shea Jackson Jr.
2022,Ray Liotta
2023,Kristofer Hivju
2024,Margo Martindale
2025,Isiah Whitlock Jr.
2026,Jesse Tyler Ferguson
2027,Natalia Solián
2028,Alfonso Dosal
2029,Mayra Batalla
2030,Mercedes Hernández
2031,Aida López
2032,Martha Claudia Moreno
2033,Enoc Leaño
2034,Pablo Guisa Koestinger
2035,Sonia Couoh
2036,Joaquim de Almeida
2037,Ken Leung
2038,Amy Landecker
2039,Daniel Henney
2040,Nia Long
2041,Megan Suri
2042,Tim Griffin
2043,Rick Chambers
2044,Paul Mescal
2045,Frankie Corio
2046,Celia Rowlson-Hall
2047,Sally Messham
2048,Ayşe Parlak
2049,Sophia Lamanova
2050,Brooklyn Toulson
2051,Spike Fearn
2052,Harry Perdios
2053,Kasumi Arimura
2054,Hana Toyoshima
2055,Ryuya Wakaba
2056,Yui Sakuma
2057,Lily Franky
2058,Jun Fubuki
2059,Mitsuru Hirata
2060,Toshie Negishi
2061,Miwako Ichikawa
2062,Majd Mastoura
2063,Natalia Wiszniewska
2064,Killian Briot
2065,Olivier Chantreau
2066,Juliette Gharbi
2067,Romain Gillot
2068,Laura Mélinand
2069,Barbara Rollet
2070,Seo Hyun-woo
2071,Jo Min-kyoung
2072,Ashley Madekwe
2073,Justin Salinger
2074,Jorden Myrie
2075,Bukky Bakray
2076,Samuel Paul Small
2077,Maria Almeida
2078,Caroline Martin
2079,Michael Warburton
2080,George Greenland
2081,Chun Woo-hee
2082,Yim Si-wan
2083,Kim Hee-won
2084,Park Ho-san
2085,Kim Ye-won
2086,Jeon Jin-oh
2087,Oh Hyun-kyung
2088,Ryu Sung-hyun
2089,Jeon Ik-ryoung
2090,Manang Medina
2091,Julio Diaz
2092,VR Velosa
2093,Ruby Rubi
2094,Miren Ibarguren
2095,Pol Monen
2096,Eduardo Casanova
2097,Diana Bovio
2098,Christian Vázquez
2099,Maribel Guardia
2100,La Terremoto de Alcorcón
2101,Paul Rudd
2102,Evangeline Lilly
2103,Kathryn Newton
2104,Michelle Pfeiffer
2105,Michael Douglas
2106,Corey Stoll
2107,Bill Murray
2108,William Jackson Harper
2109,Kiana Madeira
2110,Ross Butler
2111,Matthew Noszka
2112,Bree Winslow
2113,Nicholas Duvernay
2114,Manu Bennett
2115,Ryan Bown
2116,Poppy Gilbert
2117,Cecilia Diesch
2118,Eden Dambrine
2119,Gustav De Waele
2120,Émilie Dequenne
2121,Léa Drucker
2122,Igor van Dessel
2123,Kevin Janssens
2124,Marc Weiss
2125,Léon Bataille
2126,Serine Ayari
